id,seed,rue_efficiency_factor,pest_infection_prob,pest_daily_increment,toxicity_per_straw_unit,solar_rad_threshold,max_diffuse_bonus,max_light_limit,steepness_factor,max_water_capacity,lateral_leakage_coefficient,water_excess_coefficient,error_yield,error_pesticide,error_fertilizer,error_water,fitness
0,7.294165183515442E18,0.6531130122985527,0.5022115272810875,0.0873549968000862,0.0051066329244608,11.43326463580858,0.2151077407147328,25.79193424844329,3.031975683228043,114.85109793967722,0.0602654794850377,0.3334318286174319,0.16204054910545054,0.1246072723485542,0.07209747060396701,0.342431496383149,1.349338984862923
0,7.29756355202473E18,0.6531130122985527,0.5022115272810875,0.0873549968000862,0.0051066329244608,11.43326463580858,0.2151077407147328,25.79193424844329,3.031975683228043,114.85109793967722,0.0602654794850377,0.3334318286174319,0.16219911426925895,0.12616327771636765,0.07209747060396701,0.342431496383149,1.3516878160497783
0,5.402900741415137E17,0.726046255723701,0.805744328144958,0.0354075393089168,0.0178163369484803,12.650555349932944,0.1366911320030273,21.53440585461412,9.417825790339084,111.28163777176816,0.0954876532096263,0.15722699971165,0.16968191671532679,0.09511532387738213,0.07209747060396701,0.63860096631851,1.654223344376493
0,5.646560896029096E18,0.726046255723701,0.805744328144958,0.0354075393089168,0.0178163369484803,12.650555349932944,0.1366911320030273,21.53440585461412,9.417825790339084,111.28163777176816,0.0954876532096263,0.15722699971165,0.16968520763634412,0.09579519385879341,0.07209747060396701,0.63860096631851,1.6549196689629913
0,2.392075663994451E18,0.6767925792108602,0.9557503326992212,0.0946469672504009,0.0171227074282165,12.426835534644308,0.2560286275126466,20.98487072644268,9.829719948297672,86.91685137675096,0.0303591113080529,0.2617403107707897,0.37874711390557153,0.21415836002663946,0.07209747060396701,0.12302375118242793,2.3030151513408925
0,2.7071216404556677E18,0.6767925792108602,0.9557503326992212,0.0946469672504009,0.0171227074282165,12.426835534644308,0.2560286275126466,20.98487072644268,9.829719948297672,86.91685137675096,0.0303591113080529,0.2617403107707897,0.37879273267198393,0.21386100955207193,0.07209747060396701,0.12302375118242793,2.302945894698387
0,5.84047243397854E18,0.7372648281773277,0.8270515595095158,0.0545568918131503,0.0189319826278214,14.59854053954874,0.2069813365533392,20.6903132036571,4.432746733145585,71.3083379993572,0.0772290851869364,0.5742329179472201,0.08460146025096758,0.1655219458090364,0.07209747060396701,0.5670280061903161,1.2276547238581574
0,6.037819146029472E18,0.7372648281773277,0.8270515595095158,0.0545568918131503,0.0189319826278214,14.59854053954874,0.2069813365533392,20.6903132036571,4.432746733145585,71.3083379993572,0.0772290851869364,0.5742329179472201,0.08482382422754495,0.16568021690417048,0.07209747060396701,0.5670280061903161,1.2289248148361782
0,4.354828907983155E18,0.8137760888956487,0.9252005550755076,0.0610331121942245,0.0028056896499462,10.179607084902942,0.1032510860672583,24.663582587873144,5.505206588986719,79.36029091364115,0.060933005064795,0.3606187998910865,0.18982247539258282,0.18560435583123452,0.07209747060396701,0.3916026164742165,1.598416819872332
0,1.7447716820977705E18,0.8137760888956487,0.9252005550755076,0.0610331121942245,0.0028056896499462,10.179607084902942,0.1032510860672583,24.663582587873144,5.505206588986719,79.36029091364115,0.060933005064795,0.3606187998910865,0.18987354281377747,0.18567413895377147,0.07209747060396701,0.3916026164742165,1.5987419401008423
0,7.558650619792474E18,0.734579865225792,0.5370319422107477,0.0461360374265221,0.0069639037363092,13.281405776704077,0.3174984922319027,19.4353858698406,6.53582052045441,119.79213755382466,0.0885137830294705,0.4467330919920013,0.12754520005351455,0.04899882286380442,0.07209747060396701,0.5815144774313681,1.3403367711667122
0,1.6119632307972792E18,0.734579865225792,0.5370319422107477,0.0461360374265221,0.0069639037363092,13.281405776704077,0.3174984922319027,19.4353858698406,6.53582052045441,119.79213755382466,0.0885137830294705,0.4467330919920013,0.12763298191700373,0.04871182121242827,0.07209747060396701,0.5815144774313681,1.3404886788327819
0,1.721931099025063E18,0.6691233117930665,0.8732715455632338,0.0416196226580573,0.0016702740020059,13.181537185278788,0.2920726039792449,21.89489396143133,9.133513352970123,90.04825875236716,0.0928865898666263,0.5424478333182101,0.22944684358000733,0.14648145705134727,0.07209747060396701,0.6418819075922496,2.0076950531476006
0,7.754028731822085E18,0.6691233117930665,0.8732715455632338,0.0416196226580573,0.0016702740020059,13.181537185278788,0.2920726039792449,21.89489396143133,9.133513352970123,90.04825875236716,0.0928865898666263,0.5424478333182101,0.22938429484584194,0.14541341058678622,0.07209747060396701,0.6418819075922496,2.0063142630122126
0,8.64621462510147E18,0.7795174998082381,0.6209449010715044,0.0717732270040241,0.0112663961793315,19.45093675889394,0.0659571090328087,25.184711483623047,6.163602557729894,91.66574832626875,0.0480496959803584,0.1033294757912638,0.17123058645744804,0.1492455022330406,0.07209747060396701,0.24284974728791497,1.3203456524121628
0,1.300216545437743E18,0.7795174998082381,0.6209449010715044,0.0717732270040241,0.0112663961793315,19.45093675889394,0.0659571090328087,25.184711483623047,6.163602557729894,91.66574832626875,0.0480496959803584,0.1033294757912638,0.17159205868663022,0.14911572348698646,0.07209747060396701,0.24284974728791497,1.3220232348120196
0,6.147938395129565E18,0.5914295244996985,0.4072972239627019,0.0700388952399993,0.0038982755420361,15.992110405411744,0.2613793180212422,25.45526157061006,6.926460173294398,100.85129866050508,0.0101732589445167,0.4830799837201024,0.10492334716857354,0.043758608460874246,0.07209747060396701,0.09132801255158808,0.731800827459297
0,8.345205783661956E18,0.5914295244996985,0.4072972239627019,0.0700388952399993,0.0038982755420361,15.992110405411744,0.2613793180212422,25.45526157061006,6.926460173294398,100.85129866050508,0.0101732589445167,0.4830799837201024,0.10487112715485503,0.04433097600490693,0.07209747060396701,0.09132801255158808,0.7321120949347371
0,6.664315220266883E18,0.8464042613257179,0.6537167394892702,0.0971927800893431,2.8985115294E-4,15.060012112945866,0.1725523657224514,20.87460975593519,3.852422771504456,111.42794752386531,0.0721724685816688,0.3427992225142142,0.13815140898029646,0.1811372659218825,0.07209747060396701,0.44453609427623375,1.3885278757035655
0,7.472713182725135E18,0.8464042613257179,0.6537167394892702,0.0971927800893431,2.8985115294E-4,15.060012112945866,0.1725523657224514,20.87460975593519,3.852422771504456,111.42794752386531,0.0721724685816688,0.3427992225142142,0.1384923103295012,0.18063650234523357,0.07209747060396701,0.44453609427623375,1.3897316188729403
0,6.484420386557154E18,0.7120907251142627,0.9994661476082656,0.0300310781855265,0.0125119468767746,18.63058925200964,0.0496982868874745,22.965789846490708,7.176711980770016,118.1817580052746,0.05094018148278,0.3015761587990944,0.08433094857220488,0.11670481869873188,0.07209747060396701,0.2630787812759106,0.8735358134396338
0,5.311971999328944E18,0.7120907251142627,0.9994661476082656,0.0300310781855265,0.0125119468767746,18.63058925200964,0.0496982868874745,22.965789846490708,7.176711980770016,118.1817580052746,0.05094018148278,0.3015761587990944,0.08434904597076094,0.11678689472748775,0.07209747060396701,0.2630787812759106,0.8737083764611699
0,2.0333374070416916E18,0.8324698796762378,0.6956589516511269,0.0333595530003503,0.0161043344599397,13.476562408648672,0.0999466764604488,18.709473149547133,2.5976934223754675,111.9001095756364,0.0574694133446119,0.3756155980526615,0.16531851324082228,0.05684180172960523,0.07209747060396701,0.3215248798905555,1.277056718428239
0,2.772243914196742E18,0.8324698796762378,0.6956589516511269,0.0333595530003503,0.0161043344599397,13.476562408648672,0.0999466764604488,18.709473149547133,2.5976934223754675,111.9001095756364,0.0574694133446119,0.3756155980526615,0.1654042156172098,0.057712643216037106,0.07209747060396701,0.3215248798905555,1.2783560717966085
0,1.8802352512621363E17,0.7245131929567508,0.5565833424359232,0.0906804812833195,0.0180382136667828,16.810064746389052,0.0593780968717405,18.815899954624243,7.342854689336032,115.29968368878572,0.0802242170783295,0.3686949284631645,0.2706133438237853,0.14600728568752797,0.07209747060396701,0.5104400838462722,2.081611559256694
0,3.026582532220889E18,0.7245131929567508,0.5565833424359232,0.0906804812833195,0.0180382136667828,16.810064746389052,0.0593780968717405,18.815899954624243,7.342854689336032,115.29968368878572,0.0802242170783295,0.3686949284631645,0.27112194192906547,0.14608269523835624,0.07209747060396701,0.5104400838462722,2.0842299593339226
0,8.488577429639207E18,0.7928025002031125,0.8575024506725825,0.0555573780617659,0.0192908814517653,13.602090252265024,0.2297971137566747,23.170666508222823,3.8060559926443767,108.08280803337394,0.0164891524209814,0.1725780878683318,0.19842962678625697,0.17173684625916957,0.07209747060396701,0.0986814240650945,1.3346638748595159
0,6.271328685392171E18,0.7928025002031125,0.8575024506725825,0.0555573780617659,0.0192908814517653,13.602090252265024,0.2297971137566747,23.170666508222823,3.8060559926443767,108.08280803337394,0.0164891524209814,0.1725780878683318,0.1987025592902818,0.17208725586164045,0.07209747060396701,0.0986814240650945,1.3363789469821108
0,4.87127697006983E18,0.6961102153866652,0.9749933339424962,0.0491530675044608,0.0042631061937075,14.682888694565497,0.3388310937499529,22.7328224530373,6.374130870119271,119.2959791230421,0.0455138280222377,0.1752635292697561,0.1427054421106358,0.1725463707163479,0.07209747060396701,0.21648725591335652,1.1746583077868504
0,8.980445333879714E18,0.6961102153866652,0.9749933339424962,0.0491530675044608,0.0042631061937075,14.682888694565497,0.3388310937499529,22.7328224530373,6.374130870119271,119.2959791230421,0.0455138280222377,0.1752635292697561,0.142783043273805,0.1719949493015058,0.07209747060396701,0.21648725591335652,1.1744948921878544
0,2.788922222481071E18,0.5535953708426204,0.8667981733416439,0.0603094419969922,0.0088775446022298,13.378188834177712,0.2655862223816506,20.55976238784735,8.45074559413371,74.882803949229,0.0141172355583645,0.597373300286424,0.41653341423240575,0.17723376456930748,0.07209747060396701,0.07526738103470385,2.407265687370008
0,4.57223749737938E18,0.5535953708426204,0.8667981733416439,0.0603094419969922,0.0088775446022298,13.378188834177712,0.2655862223816506,20.55976238784735,8.45074559413371,74.882803949229,0.0141172355583645,0.597373300286424,0.41643428008157923,0.1765312653101543,0.07209747060396701,0.07526738103470385,2.4060675173567216
0,5.77688370327086E18,0.8086038865821846,0.4248572739609385,0.05582546920048,0.0058943088505024,19.65818360932333,0.154887353346506,19.009039964580783,4.386084057291956,86.02706090229219,0.0443480369006177,0.2679953636764126,0.08115950041887525,0.04757776855149179,0.07209747060396701,0.23389175409901738,0.7593644953488524
0,1.7548725765233797E18,0.8086038865821846,0.4248572739609385,0.05582546920048,0.0058943088505024,19.65818360932333,0.154887353346506,19.009039964580783,4.386084057291956,86.02706090229219,0.0443480369006177,0.2679953636764126,0.08163662637231059,0.046507512329714576,0.07209747060396701,0.23389175409901738,0.760679868894252
0,8.777208500566585E18,0.7172111100066909,0.7234818809981746,0.0937826237448664,0.0148495661172803,10.895556854924012,0.1806700619414006,24.92824781693493,4.644959585189463,73.52469360383722,0.0149397065315263,0.4445436065965117,0.1176759631264601,0.18827809692651726,0.07209747060396701,0.06947472460660915,0.918230107769394
0,8.008514413598484E18,0.7172111100066909,0.7234818809981746,0.0937826237448664,0.0148495661172803,10.895556854924012,0.1806700619414006,24.92824781693493,4.644959585189463,73.52469360383722,0.0149397065315263,0.4445436065965117,0.1178146396751255,0.1874038983391677,0.07209747060396701,0.06947472460660915,0.9180492919253713
0,6.399088164813855E18,0.6110084401208407,0.9406290895375148,0.0712346280402336,0.0048433750236724,10.715170703439934,0.2271788789806802,18.93250449195306,4.188248475860996,94.82508273103886,0.0582222135132532,0.1347321670609053,0.3329685394507907,0.20346596165291955,0.07209747060396701,0.32773967075194804,2.268145800262788
0,1.8627026554343526E17,0.6110084401208407,0.9406290895375148,0.0712346280402336,0.0048433750236724,10.715170703439934,0.2271788789806802,18.93250449195306,4.188248475860996,94.82508273103886,0.0582222135132532,0.1347321670609053,0.33278079297500784,0.20331350560667377,0.07209747060396701,0.32773967075194804,2.267054611837628
0,8.396820212580197E18,0.8217968771696929,0.774263935873558,0.0443070483332493,0.0188815556186945,16.444935132579438,0.0868800566722467,20.54055086754617,9.1113530687798,88.20764131950202,0.0196821516497005,0.112679969016296,0.13953197746708768,0.1302917298282842,0.07209747060396701,0.07879974150290751,0.978848829270597
0,6.675252161346463E18,0.8217968771696929,0.774263935873558,0.0443070483332493,0.0188815556186945,16.444935132579438,0.0868800566722467,20.54055086754617,9.1113530687798,88.20764131950202,0.0196821516497005,0.112679969016296,0.13960013797666043,0.13121610785650925,0.07209747060396701,0.07879974150290751,0.980114009846686
0,4.730098856692394E18,0.7224891666519342,0.5687424364687819,0.0676931273510717,0.0191727903132151,16.929905405582595,0.3077208464076949,24.220284544818604,8.867776319381907,82.13770179195265,0.0856452392375434,0.3247536917834906,0.0838727280218001,0.12638267917896168,0.07209747060396701,0.5835217385946208,1.2013655284865499
0,1.9175839604741622E18,0.7224891666519342,0.5687424364687819,0.0676931273510717,0.0191727903132151,16.929905405582595,0.3077208464076949,24.220284544818604,8.867776319381907,82.13770179195265,0.0856452392375434,0.3247536917834906,0.08409311755549578,0.12542719560505988,0.07209747060396701,0.5835217385946208,1.2015119925811266
0,1.500987751028946E18,0.5830459181046477,0.4653724239860812,0.053504487022084,0.0137662886713667,11.917852082420348,0.0904055704946608,22.61593899020516,9.71256883647905,109.91162748724852,0.0733305792548723,0.5672774125702242,0.28862165357792097,0.04136710460005268,0.07209747060396701,0.4589501682413782,2.0155230113350027
0,7.031023292801843E18,0.5830459181046477,0.4653724239860812,0.053504487022084,0.0137662886713667,11.917852082420348,0.0904055704946608,22.61593899020516,9.71256883647905,109.91162748724852,0.0733305792548723,0.5672774125702242,0.288516848305774,0.04035556247525577,0.07209747060396701,0.4589501682413782,2.013987442849471
0,6.583278740140718E18,0.698881953628439,0.4588494558291842,0.0244178364337333,4.269845602338E-4,10.95060457253204,0.1370438478022799,24.53355527903268,7.2959340900573375,95.6546388520662,0.0786348498581782,0.3458702046966439,0.08365841393671979,0.33275843648609177,0.07209747060396701,0.508932293669841,1.3320802704434986
0,4.978091914036546E18,0.698881953628439,0.4588494558291842,0.0244178364337333,4.269845602338E-4,10.95060457253204,0.1370438478022799,24.53355527903268,7.2959340900573375,95.6546388520662,0.0786348498581782,0.3458702046966439,0.08339253804003544,0.3303547116983894,0.07209747060396701,0.508932293669841,1.3283471661723747
0,2.9601484077766195E18,0.6062751553034567,0.6309757946450947,0.0918617314804965,0.0086309325692781,11.825716611972382,0.3118307852973324,18.619452787116774,5.680463144016935,104.02310859144184,0.0231587729690046,0.5115094982769063,0.3622541941516577,0.1651607723998595,0.07209747060396701,0.07220915196519564,2.120738365727311
0,8.00399361363033E18,0.6062751553034567,0.6309757946450947,0.0918617314804965,0.0086309325692781,11.825716611972382,0.3118307852973324,18.619452787116774,5.680463144016935,104.02310859144184,0.0231587729690046,0.5115094982769063,0.3625474087898961,0.1654503273949733,0.07209747060396701,0.07220915196519564,2.1224939939136163
0,6.108737729324851E17,0.7697396833748943,0.6358955802080652,0.0850984862917567,0.01683696344253,16.712017185840594,0.0455515566181199,19.75114934257651,3.662393115362039,84.63282929841174,0.0134897652362739,0.5207569835778577,0.09232871292879011,0.16061366831052226,0.07209747060396701,0.04071579591168377,0.7350704994701235
0,4.080552639930333E18,0.7697396833748943,0.6358955802080652,0.0850984862917567,0.01683696344253,16.712017185840594,0.0455515566181199,19.75114934257651,3.662393115362039,84.63282929841174,0.0134897652362739,0.5207569835778577,0.09243908399422614,0.15959495033309748,0.07209747060396701,0.04071579591168377,0.7346036368198788
0,2.913591270534955E18,0.7658341883951919,0.6167364368300451,0.0162100467375019,0.0053350961765333,18.18753232790729,0.3117191620803266,23.72991529776575,2.043818175163392,100.9871645232532,0.04895323760574,0.1897562711165813,0.47369858421642075,0.3768041476485963,0.07209747060396701,0.25039268429092565,3.0677872236255928
0,8.429882535433208E18,0.7658341883951919,0.6167364368300451,0.0162100467375019,0.0053350961765333,18.18753232790729,0.3117191620803266,23.72991529776575,2.043818175163392,100.9871645232532,0.04895323760574,0.1897562711165813,0.4738057273508278,0.3765336211233537,0.07209747060396701,0.25039268429092565,3.068052412772386
0,3.771516532263301E17,0.5030359353276064,0.6782021676445824,0.0987566040186403,0.0021714617076655,15.694010137770825,0.1612902865913536,22.07120774611899,2.366955342891986,97.20397343875968,0.0282269488617348,0.3138615774236668,0.28502704131990664,0.18593936401406574,0.07209747060396701,0.10092883091015412,1.78410087212772
0,6.760713866897033E18,0.5030359353276064,0.6782021676445824,0.0987566040186403,0.0021714617076655,15.694010137770825,0.1612902865913536,22.07120774611899,2.366955342891986,97.20397343875968,0.0282269488617348,0.3138615774236668,0.28536347707353593,0.18408837054211694,0.07209747060396701,0.10092883091015412,1.783932057423918
0,6.448640233724241E18,0.5781212553155674,0.8424823735235571,0.0101030669746448,0.0090094497077953,14.91975619694215,0.1777772437642414,18.321041959205044,4.848958086925066,112.3406339764848,0.0917781110296608,0.4157577758025078,0.2703349037260784,0.43621411809563015,0.07209747060396701,0.6117717856994976,2.471757893029487
0,6.225748806054837E18,0.5781212553155674,0.8424823735235571,0.0101030669746448,0.0090094497077953,14.91975619694215,0.1777772437642414,18.321041959205044,4.848958086925066,112.3406339764848,0.0917781110296608,0.4157577758025078,0.2704116279489155,0.43510545167935705,0.07209747060396701,0.6117717856994976,2.471032847727399
0,8.875795575318326E18,0.6473048559380952,0.4850830389882095,0.0225812627667692,0.0081877893521151,17.00422226693493,0.1917553477408496,22.2420837001747,5.0963718995030645,71.47740260271513,0.0986648971903987,0.2019261272092892,0.047324160830366724,0.33941533270729995,0.07209747060396701,0.6960470786657467,1.3441806861288472
0,3.030753955656907E18,0.6473048559380952,0.4850830389882095,0.0225812627667692,0.0081877893521151,17.00422226693493,0.1917553477408496,22.2420837001747,5.0963718995030645,71.47740260271513,0.0986648971903987,0.2019261272092892,0.047464418608581596,0.3385349235668233,0.07209747060396701,0.6960470786657467,1.3440015658794449
0,7.973341064218373E18,0.8246697623524768,0.8821250826764341,0.0139995825556618,0.0035327451047329,15.729442987293863,0.2048526036484308,22.39504359167127,8.536781661380155,88.690842325013,0.0757616475924104,0.1931160635784398,0.10657014294482625,0.27723226481012764,0.07209747060396701,0.483059608865644,1.3652400590038698
0,4.077553133450871E18,0.8246697623524768,0.8821250826764341,0.0139995825556618,0.0035327451047329,15.729442987293863,0.2048526036484308,22.39504359167127,8.536781661380155,88.690842325013,0.0757616475924104,0.1931160635784398,0.10654221356071529,0.2782256892031481,0.07209747060396701,0.483059608865644,1.3660938364763355
0,8.500334997642339E18,0.7321896559488302,0.966490915336701,0.0953422405453767,0.0013578345811216,12.543421854975676,0.1326933294010747,20.81346792426186,7.865175230724506,102.47027730333426,0.0158946445811633,0.4272960889218286,0.28991653727081723,0.2145729028980597,0.07209747060396701,0.0705067220966842,1.806759781952797
0,3.1728603948238807E18,0.7321896559488302,0.966490915336701,0.0953422405453767,0.0013578345811216,12.543421854975676,0.1326933294010747,20.81346792426186,7.865175230724506,102.47027730333426,0.0158946445811633,0.4272960889218286,0.2897405550319114,0.21442185578957995,0.07209747060396701,0.0705067220966842,1.805728823649788
0,7.158804191346664E18,0.6206999402950121,0.709515845352799,0.0867442543469311,0.0105472460049,15.288759490704532,0.1135409438681491,25.96096927625411,9.9533732960941,115.99946977548244,0.0436056095379033,0.2386627192988168,0.25993433313581,0.17655786229666967,0.07209747060396701,0.20200485130768753,1.7503318498873741
0,4.751418033869867E18,0.6206999402950121,0.709515845352799,0.0867442543469311,0.0105472460049,15.288759490704532,0.1135409438681491,25.96096927625411,9.9533732960941,115.99946977548244,0.0436056095379033,0.2386627192988168,0.25979654600268354,0.176332928970844,0.07209747060396701,0.20200485130768753,1.7494179808959163
0,1.6429313361635953E18,0.617670014028488,0.8386903789707029,0.049518788325381,0.0195084261265465,19.460271353702744,0.3051094246884218,20.75104718514344,4.269129783833417,76.72871347477343,0.0241747255443977,0.2801715638206759,0.17105493475186606,0.15970756177956286,0.07209747060396701,0.10084750379390248,1.1879272099367626
0,3.2236400120220385E18,0.617670014028488,0.8386903789707029,0.049518788325381,0.0195084261265465,19.460271353702744,0.3051094246884218,20.75104718514344,4.269129783833417,76.72871347477343,0.0241747255443977,0.2801715638206759,0.17107646662167228,0.15997668954595867,0.07209747060396701,0.10084750379390248,1.1883039970521896
0,3.361288556287242E17,0.8436179829814698,0.4885292056917017,0.0589961982027932,0.0102012992219571,13.080837915888631,0.3274458350311049,23.249774264900164,2.893328794649834,83.55569768263945,0.0711585258184574,0.4799129180569557,0.42847283091502536,0.0625858115090978,0.07209747060396701,0.4736420388190044,2.750689475507196
0,8.998647429160184E18,0.8436179829814698,0.4885292056917017,0.0589961982027932,0.0102012992219571,13.080837915888631,0.3274458350311049,23.249774264900164,2.893328794649834,83.55569768263945,0.0711585258184574,0.4799129180569557,0.4285483959935929,0.06254717652750812,0.07209747060396701,0.4736420388190044,2.751028665918444
0,8.245105278105532E18,0.7453874134239868,0.8759825754369519,0.0760254273971925,0.0156741090972703,19.772971034999408,0.2533702922531187,25.77500660231353,3.5045828504119947,100.28054412010913,0.0567287184405937,0.3674708356618215,0.2459000450320051,0.19963053462900965,0.07209747060396701,0.3225016298036936,1.8237298601966958
0,6.842586751679679E18,0.7453874134239868,0.8759825754369519,0.0760254273971925,0.0156741090972703,19.772971034999408,0.2533702922531187,25.77500660231353,3.5045828504119947,100.28054412010913,0.0567287184405937,0.3674708356618215,0.24561114251383517,0.1988962638558318,0.07209747060396701,0.3225016298036936,1.8215510768326681
0,3.7130771702523484E18,0.6570522245510936,0.604695374468796,0.0651515059649431,0.0067012666821724,19.15194866294883,0.1973104816902445,19.268944779909035,5.766513786129623,75.25601250698868,0.0969096861107928,0.5604228037316514,0.2277726558505315,0.13245791637834747,0.07209747060396701,0.7067464586339973,2.050165124868969
0,1.673743760617896E18,0.6570522245510936,0.604695374468796,0.0651515059649431,0.0067012666821724,19.15194866294883,0.1973104816902445,19.268944779909035,5.766513786129623,75.25601250698868,0.0969096861107928,0.5604228037316514,0.2279105456035926,0.13211976759414729,0.07209747060396701,0.7067464586339973,2.0505164248500747
0,6.750905290443641E18,0.7881455079160271,0.5183384942083088,0.0340521753031986,0.0045526617139291,17.894257911032454,0.2819463022019713,21.179162229640447,7.530866464328744,118.77695319916808,0.0089085128508726,0.2454547844263155,0.07330539319655961,0.1359276814399416,0.07209747060396701,0.1349499331515006,0.7095020511782072
0,6.010839127043616E18,0.7881455079160271,0.5183384942083088,0.0340521753031986,0.0045526617139291,17.894257911032454,0.2819463022019713,21.179162229640447,7.530866464328744,118.77695319916808,0.0089085128508726,0.2454547844263155,0.07333483003861803,0.13553291535544562,0.07209747060396701,0.1349499331515006,0.7092544693040034
0,6.581730859265772E18,0.8277874913362021,0.4475307278463007,0.0400267357802101,0.0152017615271811,17.32444439579641,0.0364520773934637,22.20551250494307,8.645335662139745,97.67950362489626,0.0367664686206361,0.5001188546057448,0.08486070330417253,0.13146420157745478,0.07209747060396701,0.16748011924452189,0.7953453079468062
0,4.43313917550639E18,0.8277874913362021,0.4475307278463007,0.0400267357802101,0.0152017615271811,17.32444439579641,0.0364520773934637,22.20551250494307,8.645335662139745,97.67950362489626,0.0367664686206361,0.5001188546057448,0.08457063225032561,0.13256706736367949,0.07209747060396701,0.16748011924452189,0.7949978184637965
0,7.147745439918729E18,0.6454619905982475,0.4332540892553704,0.04092826632521,0.0025520965269971,13.258783673087285,0.0123451612745806,18.16202976508692,6.798570348811074,108.47775210296513,0.0518802336090906,0.3521252718812978,0.27824018014417945,0.13995063227576232,0.07209747060396701,0.2758367626034697,1.8790857662040963
0,2.7023499350766715E18,0.6454619905982475,0.4332540892553704,0.04092826632521,0.0025520965269971,13.258783673087285,0.0123451612745806,18.16202976508692,6.798570348811074,108.47775210296513,0.0518802336090906,0.3521252718812978,0.27814163155990945,0.14029550671543956,0.07209747060396701,0.2758367626034697,1.8789378977224234
0,8.207985364049473E18,0.6407978366097349,0.6661550604186864,0.083349450273589,0.0049548561942571,14.38936839675194,0.1583969741937058,24.843904171921967,8.232957618681889,70.52615686422688,0.0055304863925109,0.1628247542207105,0.2072582969240881,0.16586109086531614,0.07209747060396701,0.0813115591031595,1.3555616051928832
0,6.010579207280266E18,0.6407978366097349,0.6661550604186864,0.083349450273589,0.0049548561942571,14.38936839675194,0.1583969741937058,24.843904171921967,8.232957618681889,70.52615686422688,0.0055304863925109,0.1628247542207105,0.20693457832473927,0.16551853650453655,0.07209747060396701,0.0813115591031595,1.3536004578353593
0,1.3898862574007255E18,0.6882025020149583,0.9132309116827858,0.0981498343250387,0.0127473975299425,19.018765022253064,0.0943285634922079,22.81636994586664,8.778912181987785,89.40275162832648,0.0695036459516262,0.5253519683037973,0.2791458034237547,0.20972149176687485,0.07209747060396701,0.44995731924226173,2.127505298731877
0,4.1657835061338317E18,0.6882025020149583,0.9132309116827858,0.0981498343250387,0.0127473975299425,19.018765022253064,0.0943285634922079,22.81636994586664,8.778912181987785,89.40275162832648,0.0695036459516262,0.5253519683037973,0.2789825362145797,0.20976893262085425,0.07209747060396701,0.44995731924226173,2.1267364035399816
0,3.529192263561982E18,0.5572048584930096,0.404188720494376,0.0752742457246149,0.0116894033348018,12.998039828453788,0.2869289542910048,21.06941170727496,9.438877838281083,102.2131317517468,0.061353355018619,0.2100466453132017,0.37302271139778564,0.056759775177596,0.07209747060396701,0.3540985411816174,2.3480693439521088
0,9.085617035200945E18,0.5572048584930096,0.404188720494376,0.0752742457246149,0.0116894033348018,12.998039828453788,0.2869289542910048,21.06941170727496,9.438877838281083,102.2131317517468,0.061353355018619,0.2100466453132017,0.3730408385174904,0.05827154340096614,0.07209747060396701,0.3540985411816174,2.3496717477740026
0,8.581358650206583E18,0.5454831663008874,0.6686384040591871,0.0618778917751075,0.0164821375745389,11.010008792645294,0.1194105983280553,19.61608344719577,7.906855993733889,77.19390960042202,0.0957989835777209,0.2930046713972555,0.42088635694588633,0.1440658820539568,0.07209747060396701,0.6727667420866729,2.9933618794740284
0,3.1431368421980846E18,0.5454831663008874,0.6686384040591871,0.0618778917751075,0.0164821375745389,11.010008792645294,0.1194105983280553,19.61608344719577,7.906855993733889,77.19390960042202,0.0957989835777209,0.2930046713972555,0.4207596406947637,0.14408113540862544,0.07209747060396701,0.6727667420866729,2.992743551573084
0,4.2613557065643377E18,0.7493141529256739,0.6842781638889206,0.0596442612252863,9.618330731228E-4,14.18031372984835,0.0406663093233476,23.96134894330509,2.3514350907205905,104.58736343284303,0.0096840074733029,0.2687320953145303,0.26778779242266904,0.14461653518127857,0.07209747060396701,0.11795670113518227,1.673609669033773
0,3.911111758235856E18,0.7493141529256739,0.6842781638889206,0.0596442612252863,9.618330731228E-4,14.18031372984835,0.0406663093233476,23.96134894330509,2.3514350907205905,104.58736343284303,0.0096840074733029,0.2687320953145303,0.26763394328275214,0.14552565235214615,0.07209747060396701,0.11795670113518227,1.6737495405050562
0,6.451193495928239E18,0.6215762073247653,0.9388928114765156,0.06310674704269,0.0078432493614208,19.8825823742882,0.1444418645756375,19.957806582310077,3.40213930207673,104.33038853439648,0.0111643773128075,0.5362788302753982,0.22558024150972958,0.19333144470529293,0.07209747060396701,0.09042506902267747,1.4837551918805854
0,1.257375928082004E18,0.6215762073247653,0.9388928114765156,0.06310674704269,0.0078432493614208,19.8825823742882,0.1444418645756375,19.957806582310077,3.40213930207673,104.33038853439648,0.0111643773128075,0.5362788302753982,0.22561371164813657,0.19388656821638114,0.07209747060396701,0.09042506902267747,1.4844776660837085
0,7.847220406809545E18,0.8352607103203231,0.6094774088765347,0.0889530314289618,0.009311215763838,12.135415822790335,0.2195083521391731,18.56088492579069,6.802766104617401,74.20797953845903,0.0650555415701463,0.2505199370165107,0.16928607387310604,0.157190757100989,0.07209747060396701,0.42411659985277345,1.4998351969232595
0,5.28372320263721E18,0.8352607103203231,0.6094774088765347,0.0889530314289618,0.009311215763838,12.135415822790335,0.2195083521391731,18.56088492579069,6.802766104617401,74.20797953845903,0.0650555415701463,0.2505199370165107,0.169639615905829,0.15755617094054766,0.07209747060396701,0.42411659985277345,1.501968320926433
0,9.547161455820667E17,0.6843910200932866,0.9833435233792636,0.0794650451841222,0.0153645151375712,17.230132235790645,0.0558225767404507,20.388333046737333,4.605996838952243,72.67728338389357,0.0647897443114031,0.2065838637407727,0.2347697153006858,0.20958992050167896,0.07209747060396701,0.41872601650786306,1.874261984116938
0,5.867221102594034E18,0.6843910200932866,0.9833435233792636,0.0794650451841222,0.0153645151375712,17.230132235790645,0.0558225767404507,20.388333046737333,4.605996838952243,72.67728338389357,0.0647897443114031,0.2065838637407727,0.23491370453620722,0.20962136739006887,0.07209747060396701,0.41872601650786306,1.875013377182935
0,4.272966004794317E17,0.515468964840769,0.8096530931159625,0.0898871504147452,0.0196545841756562,18.037150570002115,0.1210452617494013,23.402982792513694,6.339699566080516,102.8443380032048,0.021093982787868,0.2867606238999946,0.36824640908750145,0.19590443266153137,0.07209747060396701,0.07415458353746247,2.1833885322404685
0,4.3687398470251366E18,0.515468964840769,0.8096530931159625,0.0898871504147452,0.0196545841756562,18.037150570002115,0.1210452617494013,23.402982792513694,6.339699566080516,102.8443380032048,0.021093982787868,0.2867606238999946,0.3681689275847655,0.1961285767858241,0.07209747060396701,0.07415458353746247,2.183225268851081
0,8.547256190395252E18,0.6505970576734221,0.7611358805451429,0.0574737425753486,0.0018973259428076,15.828747426782552,0.2427174434545055,18.0371933988884,9.33729724609535,92.24920499325016,0.0176630275281809,0.1470645220839861,0.4099879413935508,0.1576517055197025,0.07209747060396701,0.07985974202047692,2.359548625111901
0,8.118676984311398E18,0.6505970576734221,0.7611358805451429,0.0574737425753486,0.0018973259428076,15.828747426782552,0.2427174434545055,18.0371933988884,9.33729724609535,92.24920499325016,0.0176630275281809,0.1470645220839861,0.4099680668602243,0.15793045269095152,0.07209747060396701,0.07985974202047692,2.3597279996165175
0,9.261367457051402E17,0.7835582053145156,0.4771513197124753,0.0852804415204291,0.0062761608249548,16.27886353607636,0.1953211411593988,24.394545574709817,8.266059093811108,98.5753091710198,0.0853319584423787,0.5939946108241946,0.08833040415726154,0.11307420710977713,0.07209747060396701,0.5697687313711094,1.1965924298711612
0,8.265260172761476E18,0.7835582053145156,0.4771513197124753,0.0852804415204291,0.0062761608249548,16.27886353607636,0.1953211411593988,24.394545574709817,8.266059093811108,98.5753091710198,0.0853319584423787,0.5939946108241946,0.08827423394608006,0.1128050423002085,0.07209747060396701,0.5697687313711094,1.1960424140056851
0,7.741514562978574E18,0.613318950259867,0.4278457287485264,0.0572273181903928,0.0186103912842267,16.603404575103973,0.0011129453893872,22.33803889789007,4.083846965529252,82.90442207651537,0.0533619075263148,0.2436638032989869,0.08098862517093168,0.04393850694290291,0.07209747060396701,0.3107640515769727,0.831743154978501
0,2.0206984922315776E18,0.613318950259867,0.4278457287485264,0.0572273181903928,0.0186103912842267,16.603404575103973,0.0011129453893872,22.33803889789007,4.083846965529252,82.90442207651537,0.0533619075263148,0.2436638032989869,0.08081510000071063,0.04333028945037893,0.07209747060396701,0.3107640515769727,0.8302673116348718
0,3.6217388015145236E18,0.8173469950651269,0.9205294800523246,0.072960471084022,0.0016048139911866,19.626155598022784,0.1672660396023247,22.65811331233541,5.206930615059482,78.2897175936659,0.0264304608258025,0.3221874174498669,0.13186287600625013,0.20271277553429085,0.07209747060396701,0.11749629034537394,1.0516209165148824
0,9.43705277170558E17,0.8173469950651269,0.9205294800523246,0.072960471084022,0.0016048139911866,19.626155598022784,0.1672660396023247,22.65811331233541,5.206930615059482,78.2897175936659,0.0264304608258025,0.3221874174498669,0.13206320331610397,0.20247226112995997,0.07209747060396701,0.11749629034537394,1.0523820386598208
0,6.255310612210617E18,0.8001718690780125,0.8188792234353801,0.0690894360439298,0.0094955676396019,11.659668366231102,0.085732792510911,19.106608182241636,7.762310309759703,98.71731312430045,0.0981035978699863,0.5487779572337823,0.21830714828583103,0.18765561110266218,0.07209747060396701,0.6752093669315063,2.0264981900672905
0,3.833496949872733E18,0.8001718690780125,0.8188792234353801,0.0690894360439298,0.0094955676396019,11.659668366231102,0.085732792510911,19.106608182241636,7.762310309759703,98.71731312430045,0.0981035978699863,0.5487779572337823,0.2185145872082646,0.18654330527987417,0.07209747060396701,0.6752093669315063,2.0264230788566704
0,6.422847494044647E18,0.6301496089588583,0.6929725331877647,0.081413334373409,0.0036738155764773,15.391834523836494,0.0624424250050904,23.04136482410392,8.941013205549762,81.18392843495636,0.0926930871034081,0.1783991783544697,0.28704694246169526,0.1710482938047853,0.07209747060396701,0.6308921438500397,2.3092726205672682
0,4.3708303262103654E18,0.6301496089588583,0.6929725331877647,0.081413334373409,0.0036738155764773,15.391834523836494,0.0624424250050904,23.04136482410392,8.941013205549762,81.18392843495636,0.0926930871034081,0.1783991783544697,0.2872822935669861,0.17195875471627822,0.07209747060396701,0.6308921438500397,2.3113598370052153
0,7.010967101504614E18,0.7767144365596599,0.6485719477093763,0.0811196144206186,0.0156191555520968,15.23344975509744,0.2376573214327813,23.36796073374586,6.086206517619996,117.31810684538068,0.0046474194252675,0.5547099436286191,0.10422830354065495,0.16143839137320273,0.07209747060396701,0.15417159923133328,0.9088489789117777
0,7.947483924465595E18,0.7767144365596599,0.6485719477093763,0.0811196144206186,0.0156191555520968,15.23344975509744,0.2376573214327813,23.36796073374586,6.086206517619996,117.31810684538068,0.0046474194252675,0.5547099436286191,0.10461748975576105,0.1615840999185918,0.07209747060396701,0.15417159923133328,0.9109406185326973
0,9.33987316801833E17,0.6008721426259479,0.8917747571383501,0.07356453903357,0.0173461473402096,11.148093446814812,0.0336715348398436,18.42242220613336,5.274523662095543,101.52987153413966,0.0414207878929297,0.4692452271174577,0.3841805742036003,0.1995869445016454,0.07209747060396701,0.19853624597487837,2.3911235320984927
0,9.864076953425951E17,0.6008721426259479,0.8917747571383501,0.07356453903357,0.0173461473402096,11.148093446814812,0.0336715348398436,18.42242220613336,5.274523662095543,101.52987153413966,0.0414207878929297,0.4692452271174577,0.3841029972598464,0.19924790772447248,0.07209747060396701,0.19853624597487837,2.3903966106025503
0,4.1702327497727396E18,0.7549477667678333,0.9718863952123702,0.0310433613199971,0.0140443139087648,11.51522005142947,0.3339901746469612,20.91482568985144,3.6768036940805326,87.61523579805663,0.0820206615670739,0.2856514218727399,0.10083192695315603,0.11942252859695685,0.07209747060396701,0.5426489809439697,1.2383286149106736
0,6.115861309563645E18,0.7549477667678333,0.9718863952123702,0.0310433613199971,0.0140443139087648,11.51522005142947,0.3339901746469612,20.91482568985144,3.6768036940805326,87.61523579805663,0.0820206615670739,0.2856514218727399,0.10090747898518419,0.12025290482022757,0.07209747060396701,0.5426489809439697,1.2395367512940854
0,5.402227681468988E18,0.6652255478333675,0.8631349997443618,0.0179740550033731,0.0064724243435326,10.490297726994358,0.0823065029333096,21.98278344820408,8.711046949352454,113.35132664303724,0.034027444302662,0.4512750813818059,0.16929751989277536,0.17752576654358537,0.07209747060396701,0.1334108543428222,1.2295216909542515
0,7.15152967528306E18,0.6652255478333675,0.8631349997443618,0.0179740550033731,0.0064724243435326,10.490297726994358,0.0823065029333096,21.98278344820408,8.711046949352454,113.35132664303724,0.034027444302662,0.4512750813818059,0.16942237768941704,0.1782415884614199,0.07209747060396701,0.1334108543428222,1.2308618018552944
0,9.476567253553859E17,0.7919249410328844,0.7200734716764603,0.0367410760106398,1.503614701692E-4,18.12144389358289,0.1303109365067492,21.27635821023141,7.05648438632654,110.77468383045036,0.0501054174388027,0.5779643005521636,0.05608466702156117,0.07297113866616203,0.07209747060396701,0.2633842416149065,0.6888761859928413
0,4.901880575571604E18,0.7919249410328844,0.7200734716764603,0.0367410760106398,1.503614701692E-4,18.12144389358289,0.1303109365067492,21.27635821023141,7.05648438632654,110.77468383045036,0.0501054174388027,0.5779643005521636,0.05617065612966264,0.07416761452069152,0.07209747060396701,0.2633842416149065,0.6905026073878783
0,5.688579141779538E17,0.6735489820673727,0.8225701271182126,0.019129853661555,0.0058132665279982,13.91169478120359,0.3012349769299148,22.095455775810937,2.157357974510117,105.2834433139678,0.0308674772297134,0.5693228889647516,0.17290838373919123,0.17315165988354278,0.07209747060396701,0.11576632813749353,1.2255573773209594
0,3.204391570005299E16,0.6735489820673727,0.8225701271182126,0.019129853661555,0.0058132665279982,13.91169478120359,0.3012349769299148,22.095455775810937,2.157357974510117,105.2834433139678,0.0308674772297134,0.5693228889647516,0.1728144061535594,0.17524082554348383,0.07209747060396701,0.11576632813749353,1.2271766550527412
0,4.65583473733747E18,0.5388074510475764,0.5854016087359575,0.0205234630210711,0.0135395104482779,18.66993024891687,0.0516590029523683,19.517669003368106,9.250723408080162,90.80725162315132,0.0636304240567815,0.3589515490898671,0.40057375435318215,0.29477488328644097,0.07209747060396701,0.3909236724820328,2.7606647981383516
0,3.8652038937470904E18,0.5388074510475764,0.5854016087359575,0.0205234630210711,0.0135395104482779,18.66993024891687,0.0516590029523683,19.517669003368106,9.250723408080162,90.80725162315132,0.0636304240567815,0.3589515490898671,0.4006128728413661,0.29588089408524837,0.07209747060396701,0.3909236724820328,2.761966401378079
0,7.939598733930271E18,0.5268922139489173,0.5345207765668056,0.0237081255830911,0.0139368516131209,12.893528014420578,0.1167514830630302,24.43828590174545,5.579300564656324,110.09477306650462,0.0403500719877911,0.1382804313258152,0.1675765095348347,0.27729182296512644,0.07209747060396701,0.1773411314145562,1.3646129726578229
0,7.002691402730835E18,0.5268922139489173,0.5345207765668056,0.0237081255830911,0.0139368516131209,12.893528014420578,0.1167514830630302,24.43828590174545,5.579300564656324,110.09477306650462,0.0403500719877911,0.1382804313258152,0.16745246932214417,0.2765758701732445,0.07209747060396701,0.1773411314145562,1.3632768188024884
0,8.276881318796685E18,0.5489712733088358,0.526599263227636,0.0379681244567581,0.0198361551011883,11.758502254432742,0.2714322511928186,21.679068966565705,4.919584083837367,86.46190829431308,0.0029318094564583,0.3865136158182085,0.20645938877721745,0.08958348485481173,0.07209747060396701,0.10299906238857245,1.2969769617334383
0,4.138566666547405E16,0.5489712733088358,0.526599263227636,0.0379681244567581,0.0198361551011883,11.758502254432742,0.2714322511928186,21.679068966565705,4.919584083837367,86.46190829431308,0.0029318094564583,0.3865136158182085,0.20627219898474114,0.09044163314402462,0.07209747060396701,0.10299906238857245,1.2968991610602696
0,1.2668102412090982E18,0.5059216445285817,0.7158368232159504,0.0744398102756969,6.094407147626E-4,10.443849062081105,0.0696709152777929,23.82691714972836,7.733751966986983,88.17629372715143,0.0417973199602073,0.4602913770992092,0.37032457495395943,0.17082338196973731,0.07209747060396701,0.22354112934118978,2.3180848566846914
0,7.709269629148587E18,0.5059216445285817,0.7158368232159504,0.0744398102756969,6.094407147626E-4,10.443849062081105,0.0696709152777929,23.82691714972836,7.733751966986983,88.17629372715143,0.0417973199602073,0.4602913770992092,0.3702734737709575,0.17182950160505314,0.07209747060396701,0.22354112934118978,2.3188354704049976
0,3.8060057119784346E18,0.5586609865480063,0.7370781354701541,0.0523046219325194,0.0126594043434237,12.19969365010898,0.2587915450225547,25.85728382304749,4.722636994083655,79.6013557902356,0.0746229804701899,0.1275923269002981,0.1139297378395563,0.1435679473772962,0.07209747060396701,0.47619874788016603,1.2615128550592107
0,3.215208286224299E18,0.5586609865480063,0.7370781354701541,0.0523046219325194,0.0126594043434237,12.19969365010898,0.2587915450225547,25.85728382304749,4.722636994083655,79.6013557902356,0.0746229804701899,0.1275923269002981,0.11385578601036733,0.14338333221090183,0.07209747060396701,0.47619874788016603,1.2609584807468714
